erp_key,bronze,diff_type,rows_staging,rows_afya,rows_allos,staging_only_data
HangFire.AggregatedCounter,HangFire__AggregatedCounter,present_both,69,39,39,no
HangFire.Counter,HangFire__Counter,present_both,0,0,0,no
HangFire.Hash,HangFire__Hash,present_both,123,51,91,no
HangFire.Job,HangFire__Job,present_both,352,75,294,no
HangFire.JobParameter,HangFire__JobParameter,present_both,1728,200,1039,no
HangFire.JobQueue,HangFire__JobQueue,present_both,0,0,0,no
HangFire.List,HangFire__List,present_both,0,0,0,no
HangFire.Schema,HangFire__Schema,present_both,1,1,1,no
HangFire.Server,HangFire__Server,present_both,8,8,8,no
HangFire.Set,HangFire__Set,present_both,14,6,10,no
HangFire.State,HangFire__State,present_both,5380,630,6283,no
Tasks.ToDo,Tasks__ToDo,present_both,20,0,0,yes
audit.AuditLogs,audit__AuditLogs,present_both,25530,50000,50000,no
auth.UserSideBarMenu,auth__UserSideBarMenu,present_both,444,14667,8712,no
cache.CONTEXT,cache__CONTEXT,present_both,955,48169,25516,no
cache.FILTER,cache__FILTER,present_both,431,3982,942,no
cache.USER_PROFILE,cache__USER_PROFILE,present_both,117,8676,4396,no
competences.ACAO_SUGERIDA_PDI,competences__ACAO_SUGERIDA_PDI,present_both,21,114,173,no
competences.AREA_INTERESSE_MUDANCA_AVALIADO,competences__AREA_INTERESSE_MUDANCA_AVALIADO,present_both,11,0,0,yes
competences.AVALIACAO,competences__AVALIACAO,present_both,302,12,13,no
competences.AVALIADO,competences__AVALIADO,present_both,1612,15938,16133,no
competences.AVALIADOR,competences__AVALIADOR,present_both,2975,47412,33556,no
competences.CALC_RESPOSTA,competences__CALC_RESPOSTA,present_both,6921,50000,50000,no
competences.CALC_RESULTADO_AVALIADOR,competences__CALC_RESULTADO_AVALIADOR,present_both,419,42239,25188,no
competences.CALC_RESULTADO_AVALIADOR_COMPETENCIA,competences__CALC_RESULTADO_AVALIADOR_COMPETENCIA,present_both,1729,50000,50000,no
competences.CALC_RESULTADO_COLABORADOR_PERFORMANCE,competences__CALC_RESULTADO_COLABORADOR_PERFORMANCE,present_both,38,17221,0,no
competences.CALC_RESULTADO_COMPETENCIA,competences__CALC_RESULTADO_COMPETENCIA,present_both,1520,50000,50000,no
competences.CALC_RESULTADO_FATOR_AVALIACAO,competences__CALC_RESULTADO_FATOR_AVALIACAO,present_both,2487,50000,50000,no
competences.CALC_RESULTADO_TIPO_AVALIADOR,competences__CALC_RESULTADO_TIPO_AVALIADOR,present_both,449,31056,21729,no
competences.CATEGORIA_PDI_ACAO,competences__CATEGORIA_PDI_ACAO,present_both,20,14,2,no
competences.COLABORADOR_FUNCAO,competences__COLABORADOR_FUNCAO,present_both,844,15961,16576,no
competences.COMENTARIO_AVALIADO_NINE_BOX,competences__COMENTARIO_AVALIADO_NINE_BOX,present_both,11,1743,0,no
competences.COMENTARIO_COMPETENCIA,competences__COMENTARIO_COMPETENCIA,present_both,454,41080,50000,no
competences.COMPETENCIA,competences__COMPETENCIA,present_both,2038,64,98,no
competences.CONSIDERACAO_FINAL,competences__CONSIDERACAO_FINAL,present_both,97,10078,9370,no
competences.CURVA_PONTUACAO_AVALIACAO,competences__CURVA_PONTUACAO_AVALIACAO,present_both,1588,416,325,no
competences.CompetenceTypeComment,competences__CompetenceTypeComment,present_both,52,0,226,no
competences.EvaluationCycleCalcResultEvaluated,competences__EvaluationCycleCalcResultEvaluated,present_both,233,14466,12585,no
competences.FAIXA_CLASSIFICACAO_AVALIACAO,competences__FAIXA_CLASSIFICACAO_AVALIACAO,present_both,626,37,65,no
competences.FAIXA_CLASSIFICACAO_PERFORMANCE_AVALIACAO,competences__FAIXA_CLASSIFICACAO_PERFORMANCE_AVALIACAO,present_both,386,36,0,no
competences.FATOR_AVALIACAO,competences__FATOR_AVALIACAO,present_both,3530,400,112,no
competences.FORMULARIO_AVALIACAO,competences__FORMULARIO_AVALIACAO,present_both,1323,47371,33351,no
competences.FUNCAO,competences__FUNCAO,present_both,615,75,128,no
competences.FUNCAO_COMPETENCIA,competences__FUNCAO_COMPETENCIA,present_both,4367,2150,896,no
competences.FUNCAO_PERGUNTA_LIVRE,competences__FUNCAO_PERGUNTA_LIVRE,present_both,477,1419,284,no
competences.IndividualDevelopmentAction,competences__IndividualDevelopmentAction,present_both,118,10755,10564,no
competences.ItensSenderToReleaseAppraiseesQueue,competences__ItensSenderToReleaseAppraiseesQueue,present_both,19,0,0,yes
competences.LOCALIDADE_INTERESSE_MUDANCA_AVALIADO,competences__LOCALIDADE_INTERESSE_MUDANCA_AVALIADO,present_both,5,0,0,yes
competences.METODO_CALCULO,competences__METODO_CALCULO,present_both,514,73,131,no
competences.OPCAO_FUNCAO_PERGUNTA_LIVRE,competences__OPCAO_FUNCAO_PERGUNTA_LIVRE,present_both,696,3898,0,no
competences.PESO_TIPO_AVALIADOR,competences__PESO_TIPO_AVALIADOR,present_both,484,61,124,no
competences.RESPOSTA_AVALIACAO,competences__RESPOSTA_AVALIACAO,present_both,5122,50000,50000,no
competences.RESPOSTA_LIVRE_AVALIACAO,competences__RESPOSTA_LIVRE_AVALIACAO,present_both,469,50000,29878,no
competences.TIPO_AVALIACAO,competences__TIPO_AVALIACAO,present_both,30,1,1,no
competences.TIPO_AVALIADOR,competences__TIPO_AVALIADOR,present_both,7,7,7,no
competences.TOPICO_PERGUNTA_LIVRE,competences__TOPICO_PERGUNTA_LIVRE,present_both,13,1,1,no
competences.settings,competences__settings,present_both,0,0,1,no
core.Label,core__Label,present_both,130,3,4,no
core.ThemeSettings,core__ThemeSettings,present_both,1,1,1,no
dashboards.AccessLog,dashboards__AccessLog,present_both,235,247,0,no
dashboards.Dashboard,dashboards__Dashboard,present_both,15,6,0,no
dbo.ACAO,dbo__ACAO,present_both,1198,1770,24,no
dbo.ACAO_BOOK,dbo__ACAO_BOOK,present_both,0,0,0,no
dbo.ADMINISTRADOR_LOCAL,dbo__ADMINISTRADOR_LOCAL,present_both,8,0,13,no
dbo.ADMINISTRADOR_LOCAL_FILIAL,dbo__ADMINISTRADOR_LOCAL_FILIAL,present_both,20,0,133,no
dbo.ANEXO_ACAO,dbo__ANEXO_ACAO,present_both,2,2037,0,no
dbo.ANEXO_AVALIACAO,dbo__ANEXO_AVALIACAO,present_both,0,0,0,no
dbo.ANEXO_QUICK_MEETING,dbo__ANEXO_QUICK_MEETING,present_both,0,0,0,no
dbo.ANEXO_REUNIAO,dbo__ANEXO_REUNIAO,present_both,3,0,0,yes
dbo.API_CONFIG,dbo__API_CONFIG,present_both,3,3,3,no
dbo.AREA,dbo__AREA,present_both,3846,34632,2135,no
dbo.AREA_BOOK,dbo__AREA_BOOK,present_both,27,0,0,yes
dbo.AREA_FORUM_SUCESSAO,dbo__AREA_FORUM_SUCESSAO,present_both,14,1,0,no
dbo.AUDIT_ACAO,dbo__AUDIT_ACAO,present_both,4850,19896,150,no
dbo.AUDIT_AREA,dbo__AUDIT_AREA,present_both,32354,50000,45200,no
dbo.AUDIT_AREA_HISTORY,dbo__AUDIT_AREA_HISTORY,present_both,12,10,295,no
dbo.AUDIT_AVALIACAO,dbo__AUDIT_AVALIACAO,present_both,0,0,0,no
dbo.AUDIT_AVALIADO,dbo__AUDIT_AVALIADO,present_both,0,0,0,no
dbo.AUDIT_AVALIADOR,dbo__AUDIT_AVALIADOR,present_both,0,0,0,no
dbo.AUDIT_CALC_RESPOSTA,dbo__AUDIT_CALC_RESPOSTA,present_both,0,0,0,no
dbo.AUDIT_CALC_RESULTADO_AVALIADOR,dbo__AUDIT_CALC_RESULTADO_AVALIADOR,present_both,0,0,0,no
dbo.AUDIT_CALC_RESULTADO_AVALIADOR_TIPO_COMPETENCIA,dbo__AUDIT_CALC_RESULTADO_AVALIADOR_TIPO_COMPETENCIA,present_both,0,0,0,no
dbo.AUDIT_CALC_RESULTADO_COLABORADOR,dbo__AUDIT_CALC_RESULTADO_COLABORADOR,present_both,0,0,0,no
dbo.AUDIT_CALC_RESULTADO_COMPETENCIA,dbo__AUDIT_CALC_RESULTADO_COMPETENCIA,present_both,0,0,0,no
dbo.AUDIT_CALC_RESULTADO_FATOR_AVALIACAO,dbo__AUDIT_CALC_RESULTADO_FATOR_AVALIACAO,present_both,0,0,0,no
dbo.AUDIT_CALC_RESULTADO_TIPO_AVALIADOR,dbo__AUDIT_CALC_RESULTADO_TIPO_AVALIADOR,present_both,0,0,0,no
dbo.AUDIT_CALC_RESULTADO_TIPO_AVALIADOR_TIPO_COMPETENCIA,dbo__AUDIT_CALC_RESULTADO_TIPO_AVALIADOR_TIPO_COMPETENCIA,present_both,0,0,0,no
dbo.AUDIT_CALIBRADOS_PERFORMANCE,dbo__AUDIT_CALIBRADOS_PERFORMANCE,present_both,0,0,0,no
dbo.AUDIT_COLABORADOR,dbo__AUDIT_COLABORADOR,present_both,2348,50000,50000,no
dbo.AUDIT_COLABORADOR_AREA,dbo__AUDIT_COLABORADOR_AREA,present_both,18954,50000,50000,no
dbo.AUDIT_COLABORADOR_FUNCAO,dbo__AUDIT_COLABORADOR_FUNCAO,present_both,512,132,11638,no
dbo.AUDIT_COMPETENCIA,dbo__AUDIT_COMPETENCIA,present_both,0,0,0,no
dbo.AUDIT_CONSIDERACAO_FINAL,dbo__AUDIT_CONSIDERACAO_FINAL,present_both,0,0,0,no
dbo.AUDIT_COTACAO_MOEDA,dbo__AUDIT_COTACAO_MOEDA,present_both,0,0,0,no
dbo.AUDIT_COTACAO_MOEDA_ITEM,dbo__AUDIT_COTACAO_MOEDA_ITEM,present_both,0,0,0,no
dbo.AUDIT_CURVA_PONTUACAO,dbo__AUDIT_CURVA_PONTUACAO,present_both,0,0,0,no
dbo.AUDIT_CURVA_PONTUACAO_AVALIACAO,dbo__AUDIT_CURVA_PONTUACAO_AVALIACAO,present_both,0,0,0,no
dbo.AUDIT_CURVA_PREMIACAO,dbo__AUDIT_CURVA_PREMIACAO,present_both,3259,90,54,no
dbo.AUDIT_DIRETRIZ,dbo__AUDIT_DIRETRIZ,present_both,717,675,27,no
dbo.AUDIT_EMPLOYEEACCESSGROUP,dbo__AUDIT_EMPLOYEEACCESSGROUP,present_both,2827,676,8390,no
dbo.AUDIT_FAIXA_CLASSIFICACAO,dbo__AUDIT_FAIXA_CLASSIFICACAO,present_both,0,0,0,no
dbo.AUDIT_FAIXA_CLASSIFICACAO_AVALIACAO,dbo__AUDIT_FAIXA_CLASSIFICACAO_AVALIACAO,present_both,0,0,0,no
dbo.AUDIT_FAIXA_CLASSIFICACAO_PERFORMANCE,dbo__AUDIT_FAIXA_CLASSIFICACAO_PERFORMANCE,present_both,0,0,0,no
dbo.AUDIT_FAIXA_CLASSIFICACAO_PERFORMANCE_AVALIACAO,dbo__AUDIT_FAIXA_CLASSIFICACAO_PERFORMANCE_AVALIACAO,present_both,0,0,0,no
dbo.AUDIT_FAIXA_FAROL,dbo__AUDIT_FAIXA_FAROL,present_both,178,16,82,no
dbo.AUDIT_FAIXA_FAROL_ITEM,dbo__AUDIT_FAIXA_FAROL_ITEM,present_both,474,63,274,no
dbo.AUDIT_FATOR_AVALIACAO,dbo__AUDIT_FATOR_AVALIACAO,present_both,0,0,0,no
dbo.AUDIT_FILIAL,dbo__AUDIT_FILIAL,present_both,19,101,286,no
dbo.AUDIT_FUNCAO,dbo__AUDIT_FUNCAO,present_both,0,0,0,no
dbo.AUDIT_FUNCAO_COMPETENCIA,dbo__AUDIT_FUNCAO_COMPETENCIA,present_both,4397,665,1670,no
dbo.AUDIT_FUNCAO_PERGUNTA_LIVRE,dbo__AUDIT_FUNCAO_PERGUNTA_LIVRE,present_both,310,2612,340,no
dbo.AUDIT_GRANDEZA,dbo__AUDIT_GRANDEZA,present_both,3,18,18,no
dbo.AUDIT_GRUPO_INDICADOR,dbo__AUDIT_GRUPO_INDICADOR,present_both,0,0,0,no
dbo.AUDIT_HISTORICO_CARGO,dbo__AUDIT_HISTORICO_CARGO,present_both,776,50000,37865,no
dbo.AUDIT_HISTORICO_PDI,dbo__AUDIT_HISTORICO_PDI,present_both,0,0,0,no
dbo.AUDIT_INDICADOR,dbo__AUDIT_INDICADOR,present_both,479,170,2958,no
dbo.AUDIT_INSTANCIA,dbo__AUDIT_INSTANCIA,present_both,0,0,0,no
dbo.AUDIT_INSTANCIA_CALIBRADOS,dbo__AUDIT_INSTANCIA_CALIBRADOS,present_both,0,0,0,no
dbo.AUDIT_INSTANCIA_CALIBRADOS_PERFORMANCE,dbo__AUDIT_INSTANCIA_CALIBRADOS_PERFORMANCE,present_both,0,0,0,no
dbo.AUDIT_INSTANCIA_COMITE,dbo__AUDIT_INSTANCIA_COMITE,present_both,0,0,0,no
dbo.AUDIT_MARCADOR_ACAO,dbo__AUDIT_MARCADOR_ACAO,present_both,0,0,0,no
dbo.AUDIT_META,dbo__AUDIT_META,present_both,71946,50000,50000,no
dbo.AUDIT_NINE_BOX,dbo__AUDIT_NINE_BOX,present_both,0,0,0,no
dbo.AUDIT_NINE_BOX_CALIBRADOS,dbo__AUDIT_NINE_BOX_CALIBRADOS,present_both,0,0,0,no
dbo.AUDIT_NOTA_META,dbo__AUDIT_NOTA_META,present_both,2546,23415,50000,no
dbo.AUDIT_PDI,dbo__AUDIT_PDI,present_both,0,0,0,no
dbo.AUDIT_PERIODO_APURACAO,dbo__AUDIT_PERIODO_APURACAO,present_both,635,335,148,no
dbo.AUDIT_PERIODO_GESTAO,dbo__AUDIT_PERIODO_GESTAO,present_both,1385,158,177,no
dbo.AUDIT_PSW_COLABORADOR,dbo__AUDIT_PSW_COLABORADOR,present_both,3611,12518,10063,no
dbo.AUDIT_QUADRANTES_MATRIZ_TALENTOS,dbo__AUDIT_QUADRANTES_MATRIZ_TALENTOS,present_both,0,0,0,no
dbo.AUDIT_RESPOSTA_AVALIACAO,dbo__AUDIT_RESPOSTA_AVALIACAO,present_both,0,0,0,no
dbo.AUDIT_RESPOSTA_LIVRE_AVALIACAO,dbo__AUDIT_RESPOSTA_LIVRE_AVALIACAO,present_both,0,0,0,no
dbo.AUDIT_SYSTEM_CONFIG,dbo__AUDIT_SYSTEM_CONFIG,present_both,122,55,61,no
dbo.AUDIT_TERMO_ACEITE_ASSINATURA,dbo__AUDIT_TERMO_ACEITE_ASSINATURA,present_both,9211,50000,50000,no
dbo.AUDIT_TIPO_AVALIACAO,dbo__AUDIT_TIPO_AVALIACAO,present_both,0,0,0,no
dbo.AUDIT_UNIDADE_MEDIDA,dbo__AUDIT_UNIDADE_MEDIDA,present_both,71,72,199,no
dbo.AUDIT_VALOR_META,dbo__AUDIT_VALOR_META,present_both,62690,50000,50000,no
dbo.AVALIACAO_CONTINUA,dbo__AVALIACAO_CONTINUA,present_both,10,0,0,yes
dbo.AVALIADOR_FORUM,dbo__AVALIADOR_FORUM,present_both,99,5449,0,no
dbo.AVALIADOR_FORUM_SUCESSAO,dbo__AVALIADOR_FORUM_SUCESSAO,present_both,13,1,0,no
dbo.AVALIADO_SUCESSAO,dbo__AVALIADO_SUCESSAO,present_both,42,1,0,no
dbo.AbpEntityChangeSets,dbo__AbpEntityChangeSets,present_both,38130,50000,50000,no
dbo.AbpEntityChanges,dbo__AbpEntityChanges,present_both,75463,50000,50000,no
dbo.AbpEntityPropertyChanges,dbo__AbpEntityPropertyChanges,present_both,252557,50000,50000,no
dbo.AbpSettings,dbo__AbpSettings,present_both,172,8690,4475,no
dbo.Absence,dbo__Absence,present_both,1,0,0,yes
dbo.AcceptAgreementHistory,dbo__AcceptAgreementHistory,present_both,1061,31098,1913,no
dbo.AcceptAgreementSignatureAttachment,dbo__AcceptAgreementSignatureAttachment,present_both,2,1,0,no
dbo.ActionBase,dbo__ActionBase,present_both,158,10762,10592,no
dbo.ActionBaseAttachment,dbo__ActionBaseAttachment,present_both,0,0,0,no
dbo.ActionBaseLabel,dbo__ActionBaseLabel,present_both,1,28,0,no
dbo.ActionCategoryCompetence,dbo__ActionCategoryCompetence,present_both,0,0,0,no
dbo.ActionEffectiveness,dbo__ActionEffectiveness,present_both,0,0,0,no
dbo.ActionVote,dbo__ActionVote,present_both,0,0,0,no
dbo.ActivityHistory,dbo__ActivityHistory,present_both,32867,5667,21,no
dbo.Addon,dbo__Addon,present_both,1,1,1,no
dbo.AdminPasswordResetToken,dbo__AdminPasswordResetToken,present_both,12,0,13,no
dbo.AdvancePaymentConfig,dbo__AdvancePaymentConfig,present_both,3,0,0,yes
dbo.AreaHistory,dbo__AreaHistory,present_both,2689,11579,11037,no
dbo.AreaHistoryConfig,dbo__AreaHistoryConfig,present_both,11,1,0,no
dbo.AreaScoreRV,dbo__AreaScoreRV,present_both,0,0,0,no
dbo.AreasGroup,dbo__AreasGroup,present_both,2,0,0,yes
dbo.AreasGroupItem,dbo__AreasGroupItem,present_both,2,0,0,yes
dbo.AreasGroupScoreAreasMemoryRV,dbo__AreasGroupScoreAreasMemoryRV,present_both,0,0,0,no
dbo.AreasGroupScoreRV,dbo__AreasGroupScoreRV,present_both,0,0,0,no
dbo.ArvoreMembrosQuebra,dbo__ArvoreMembrosQuebra,present_both,124,0,0,yes
dbo.AspNetPreviousPassword,dbo__AspNetPreviousPassword,present_both,576,679,1260,no
dbo.AspNetRoles,dbo__AspNetRoles,present_both,0,0,0,no
dbo.AspNetUserClaims,dbo__AspNetUserClaims,present_both,0,0,0,no
dbo.AspNetUserLogins,dbo__AspNetUserLogins,present_both,0,0,0,no
dbo.AspNetUserRoles,dbo__AspNetUserRoles,present_both,0,0,0,no
dbo.AspNetUsers,dbo__AspNetUsers,present_both,813,12396,8308,no
dbo.BIBLIOTECA,dbo__BIBLIOTECA,present_both,1,1,1,no
dbo.BKP_ACAO,dbo__BKP_ACAO,present_both,0,0,0,no
dbo.BKP_ACAO2,dbo__BKP_ACAO2,present_both,0,0,0,no
dbo.BOOK,dbo__BOOK,present_both,7,0,0,yes
dbo.BackgroundJobManagement,dbo__BackgroundJobManagement,present_both,2360,1933,4118,no
dbo.Breakdown,dbo__Breakdown,missing_table_in_staging,0,0,0,no
dbo.BreakdownValue,dbo__BreakdownValue,missing_table_in_staging,0,0,0,no
dbo.BreakdownValueOption,dbo__BreakdownValueOption,missing_table_in_staging,0,0,0,no
dbo.BrfGoalSyncLog,dbo__BrfGoalSyncLog,missing_table_in_staging,0,0,0,no
dbo.CALCULO_MANUAL_PERFORMANCE,dbo__CALCULO_MANUAL_PERFORMANCE,present_both,0,0,0,no
dbo.CALC_RESULTADO_AVALIADOR_TIPO_COMPETENCIA,dbo__CALC_RESULTADO_AVALIADOR_TIPO_COMPETENCIA,present_both,55,0,0,yes
dbo.CALC_RESULTADO_IMPACTO,dbo__CALC_RESULTADO_IMPACTO,present_both,17,0,0,yes
dbo.CALC_RESULTADO_POTENCIAL,dbo__CALC_RESULTADO_POTENCIAL,present_both,0,0,0,no
dbo.CALC_RESULTADO_PROJETO,dbo__CALC_RESULTADO_PROJETO,present_both,0,0,0,no
dbo.CALC_RESULTADO_RISCO,dbo__CALC_RESULTADO_RISCO,present_both,17,0,0,yes
dbo.CALC_RESULTADO_TIPO_AVALIADOR_TIPO_COMPETENCIA,dbo__CALC_RESULTADO_TIPO_AVALIADOR_TIPO_COMPETENCIA,present_both,55,0,0,yes
dbo.CALENDARIO_EVENTO,dbo__CALENDARIO_EVENTO,present_both,0,0,0,no
dbo.CALIBRADOS_PERFORMANCE,dbo__CALIBRADOS_PERFORMANCE,present_both,42,0,0,yes
dbo.CARGO,dbo__CARGO,present_both,79,50000,41,no
dbo.CATCH_BALL,dbo__CATCH_BALL,present_both,3,0,1,no
dbo.CATCH_BALL_BOOK,dbo__CATCH_BALL_BOOK,present_both,0,0,0,no
dbo.CAUSA,dbo__CAUSA,present_both,304,23,2,no
dbo.CAUSA_BOOK,dbo__CAUSA_BOOK,present_both,0,0,0,no
dbo.CODE_GENERATOR,dbo__CODE_GENERATOR,present_both,146,17,26,no
dbo.COLABORADOR,dbo__COLABORADOR,present_both,824,12408,8765,no
dbo.COLABORADOR_AREA,dbo__COLABORADOR_AREA,present_both,9480,34206,20593,no
dbo.COLABORADOR_DATA_EXTRACT,dbo__COLABORADOR_DATA_EXTRACT,present_both,216,0,0,yes
dbo.COLABORADOR_SCORE,dbo__COLABORADOR_SCORE,present_both,245,0,0,yes
dbo.COMENTARIO,dbo__COMENTARIO,present_both,0,0,0,no
dbo.COMENTARIO_AVALIADO_FORUM_SUCESSAO,dbo__COMENTARIO_AVALIADO_FORUM_SUCESSAO,present_both,4,0,0,yes
dbo.COMPORTAMENTO,dbo__COMPORTAMENTO,present_both,0,0,0,no
dbo.CONFIGURACOES_GERAIS_FEEDBACK_CONTINUO,dbo__CONFIGURACOES_GERAIS_FEEDBACK_CONTINUO,present_both,1,1,1,no
dbo.CONTRAMEDIDA,dbo__CONTRAMEDIDA,present_both,612,10748,23356,no
dbo.COTACAO_MOEDA,dbo__COTACAO_MOEDA,present_both,2,0,0,yes
dbo.COTACAO_MOEDA_ITEM,dbo__COTACAO_MOEDA_ITEM,present_both,24,0,0,yes
dbo.CURVA_MULTIPLO,dbo__CURVA_MULTIPLO,present_both,92,149,240,no
dbo.CURVA_PONTUACAO,dbo__CURVA_PONTUACAO,present_both,3,0,0,yes
dbo.CURVA_PREMIACAO,dbo__CURVA_PREMIACAO,present_both,1234,26,14,no
dbo.CalibrationGroupDiscretionary,dbo__CalibrationGroupDiscretionary,present_both,0,54,0,no
dbo.CategoryAnalysis,dbo__CategoryAnalysis,present_both,11,0,0,yes
dbo.CauseAnalysisPermission,dbo__CauseAnalysisPermission,present_both,8,2,0,no
dbo.Certificate,dbo__Certificate,present_both,9,264,57,no
dbo.CertificateAttachment,dbo__CertificateAttachment,present_both,2,202,47,no
dbo.ChangeHistory,dbo__ChangeHistory,present_both,81,0,0,yes
dbo.ClassificationImpactOfLoss,dbo__ClassificationImpactOfLoss,present_both,42,0,0,yes
dbo.ClassificationRiskOfLoss,dbo__ClassificationRiskOfLoss,present_both,50,0,0,yes
dbo.Company,dbo__Company,present_both,5,151,50,no
dbo.ConceptDiscretionary,dbo__ConceptDiscretionary,present_both,10,0,10,no
dbo.ConsentAgreement,dbo__ConsentAgreement,present_both,1,1,1,no
dbo.Country,dbo__Country,present_both,0,0,0,no
dbo.CurriculumAttachment,dbo__CurriculumAttachment,present_both,9,77,16,no
dbo.CustomGradeFormation,dbo__CustomGradeFormation,present_both,1,0,72,no
dbo.CustomMessages,dbo__CustomMessages,present_both,147,15,378,no
dbo.CustomerBoundTranslateTag,dbo__CustomerBoundTranslateTag,present_both,35,49,80,no
dbo.DELIBERACAO_FORUM_AVALIADO,dbo__DELIBERACAO_FORUM_AVALIADO,present_both,2,0,0,yes
dbo.DIARIO_DE_BORDO,dbo__DIARIO_DE_BORDO,present_both,122,0,0,yes
dbo.DIRETRIZ,dbo__DIRETRIZ,present_both,320,181,11,no
dbo.DIRETRIZ_BOOK,dbo__DIRETRIZ_BOOK,present_both,0,0,0,no
dbo.DashboardLayoutMatrix,dbo__DashboardLayoutMatrix,present_both,8,5,3,no
dbo.DeliberationOption,dbo__DeliberationOption,present_both,43,0,0,yes
dbo.Demand,dbo__Demand,present_both,72,0,0,yes
dbo.DemandsParticipants,dbo__DemandsParticipants,present_both,533,0,0,yes
dbo.Dimensao,dbo__Dimensao,present_both,7,0,0,yes
dbo.DiscretionaryScoreImport,dbo__DiscretionaryScoreImport,present_both,0,4251,9064,no
dbo.Dreams,dbo__Dreams,present_both,7,257,96,no
dbo.EFETIVIDADE_ACAO,dbo__EFETIVIDADE_ACAO,present_both,72,239,2,no
dbo.EMAIL_ENVIADO,dbo__EMAIL_ENVIADO,present_both,0,0,0,no
dbo.EXPRESSAO_CALCULO_META,dbo__EXPRESSAO_CALCULO_META,present_both,4256,27432,50000,no
dbo.Education,dbo__Education,present_both,16,783,238,no
dbo.EducationAttachment,dbo__EducationAttachment,present_both,2,287,52,no
dbo.EffectivenessEvaluation,dbo__EffectivenessEvaluation,present_both,45,0,0,yes
dbo.EligibleDiscretionary,dbo__EligibleDiscretionary,present_both,30,4101,3,no
dbo.EmployeeAccessGroup,dbo__EmployeeAccessGroup,present_both,1496,144,5496,no
dbo.EmployeeAnalyticResult,dbo__EmployeeAnalyticResult,present_both,20,4090,10254,no
dbo.EmployeeBranch,dbo__EmployeeBranch,present_both,3,184,94,no
dbo.EmployeeGuest,dbo__EmployeeGuest,present_both,0,0,0,no
dbo.EmployeeModifierMonthlyGoal,dbo__EmployeeModifierMonthlyGoal,present_both,0,0,0,no
dbo.EmployeeModifierMonthlyValue,dbo__EmployeeModifierMonthlyValue,present_both,0,0,0,no
dbo.EmployeeModifierValue,dbo__EmployeeModifierValue,present_both,22,2052,5019,no
dbo.EvaluationCycleInstance,dbo__EvaluationCycleInstance,present_both,86,453,0,no
dbo.EvaluationCycleInstanceParticipant,dbo__EvaluationCycleInstanceParticipant,present_both,120,14997,0,no
dbo.EvaluationCycleQuadrant,dbo__EvaluationCycleQuadrant,present_both,1070,111,0,no
dbo.EvaluationCycleQuadrantPersonalization,dbo__EvaluationCycleQuadrantPersonalization,present_both,126,0,0,yes
dbo.EvaluationDiscretionary,dbo__EvaluationDiscretionary,present_both,29,4030,3,no
dbo.ExtractControl,dbo__ExtractControl,present_both,12,0,0,yes
dbo.ExtractEmployeeOptions,dbo__ExtractEmployeeOptions,present_both,2,0,0,yes
dbo.ExtractMigration,dbo__ExtractMigration,present_both,0,0,0,no
dbo.FAIXA_CLASSIFICACAO,dbo__FAIXA_CLASSIFICACAO,present_both,3,0,0,yes
dbo.FAIXA_CLASSIFICACAO_PERFORMANCE,dbo__FAIXA_CLASSIFICACAO_PERFORMANCE,present_both,3,0,0,yes
dbo.FAIXA_FAROL,dbo__FAIXA_FAROL,present_both,47,2,2,no
dbo.FAIXA_FAROL_ITEM,dbo__FAIXA_FAROL_ITEM,present_both,162,7,6,no
dbo.FAROL,dbo__FAROL,present_both,8,8,8,no
dbo.FEEDBACK_CONTINUO,dbo__FEEDBACK_CONTINUO,present_both,138,321,14,no
dbo.FILIAL,dbo__FILIAL,present_both,17,85,94,no
dbo.FORMULARIO,dbo__FORMULARIO,present_both,0,0,0,no
dbo.FORMULARIO_AVALIACAO_ABA,dbo__FORMULARIO_AVALIACAO_ABA,present_both,4,0,0,yes
dbo.FORMULARIO_AVALIACAO_ABA_ITEM,dbo__FORMULARIO_AVALIACAO_ABA_ITEM,present_both,4,0,0,yes
dbo.FORMULARIO_AVALIACAO_SUCESSAO,dbo__FORMULARIO_AVALIACAO_SUCESSAO,present_both,32,0,0,yes
dbo.FORMULARIO_FEEDBACK_ABA,dbo__FORMULARIO_FEEDBACK_ABA,present_both,8,0,23,no
dbo.FORMULARIO_FEEDBACK_ABA_ITEM,dbo__FORMULARIO_FEEDBACK_ABA_ITEM,present_both,8,0,23,no
dbo.FORUM_CALIBRAGEM_SUCESSAO,dbo__FORUM_CALIBRAGEM_SUCESSAO,present_both,11,1,0,no
dbo.FORUM_PARTICIPANTE_SUCESSAO,dbo__FORUM_PARTICIPANTE_SUCESSAO,present_both,15,1,0,no
dbo.FORUM_QUADRANTE_SUCESSAO_MODELO,dbo__FORUM_QUADRANTE_SUCESSAO_MODELO,present_both,160,9,0,no
dbo.FREQUENCIA_ACOMP,dbo__FREQUENCIA_ACOMP,present_both,9,9,9,no
dbo.FREQUENCIA_VISUALIZACAO,dbo__FREQUENCIA_VISUALIZACAO,present_both,13,13,13,no
dbo.FUNCAO_AREA,dbo__FUNCAO_AREA,present_both,7,0,0,yes
dbo.FUNCAO_CARGO,dbo__FUNCAO_CARGO,present_both,0,0,0,no
dbo.FUNCAO_FORUM_SUCESSAO,dbo__FUNCAO_FORUM_SUCESSAO,present_both,13,0,0,yes
dbo.FUNCAO_IMPACTO_SUCESSAO,dbo__FUNCAO_IMPACTO_SUCESSAO,present_both,58,0,0,yes
dbo.FUNCAO_POTENCIAL_SUCESSAO,dbo__FUNCAO_POTENCIAL_SUCESSAO,present_both,203,0,0,yes
dbo.FUNCAO_RISCO_SUCESSAO,dbo__FUNCAO_RISCO_SUCESSAO,present_both,115,0,0,yes
dbo.FUNCAO_SUCESSAO,dbo__FUNCAO_SUCESSAO,present_both,34,0,0,yes
dbo.FUNCIONALIDADE,dbo__FUNCIONALIDADE,present_both,236,236,236,no
dbo.FactorTriggerConfiguration,dbo__FactorTriggerConfiguration,present_both,2,0,25,no
dbo.FeedbackHistory,dbo__FeedbackHistory,present_both,9,7,0,no
dbo.FeedbackParticipant,dbo__FeedbackParticipant,present_both,138,332,16,no
dbo.FilePermission,dbo__FilePermission,present_both,0,0,0,no
dbo.ForumSyncLog,dbo__ForumSyncLog,present_both,9,0,0,yes
dbo.GESTOR_MARCADOR_ACAO,dbo__GESTOR_MARCADOR_ACAO,present_both,5,0,0,yes
dbo.GRANDEZA,dbo__GRANDEZA,present_both,7,6,6,no
dbo.GRUPO_CARGO,dbo__GRUPO_CARGO,present_both,15,168,1,no
dbo.GRUPO_CARGO_AVALIACAO,dbo__GRUPO_CARGO_AVALIACAO,present_both,6,0,0,yes
dbo.GRUPO_FUNCIONALIDADE,dbo__GRUPO_FUNCIONALIDADE,present_both,73,73,73,no
dbo.GRUPO_INDICADOR,dbo__GRUPO_INDICADOR,present_both,6,0,0,yes
dbo.GRUPO_INDICADOR_ASSOCIADO,dbo__GRUPO_INDICADOR_ASSOCIADO,present_both,21,0,0,yes
dbo.GRUPO_INDICADOR_ASSOCIADO_BOOK,dbo__GRUPO_INDICADOR_ASSOCIADO_BOOK,present_both,0,0,0,no
dbo.GRUPO_INDICADOR_BOOK,dbo__GRUPO_INDICADOR_BOOK,present_both,0,0,0,no
dbo.GRUPO_PAGTO,dbo__GRUPO_PAGTO,present_both,57,5,126,no
dbo.GRUPO_USUARIO,dbo__GRUPO_USUARIO,present_both,15,14,7,no
dbo.Goal,dbo__Goal,missing_table_in_staging,0,0,0,no
dbo.GoalAttachment,dbo__GoalAttachment,present_both,22,170,1518,no
dbo.GoalAudit,dbo__GoalAudit,present_both,132,0,0,yes
dbo.GoalAuditHistory,dbo__GoalAuditHistory,present_both,356,0,0,yes
dbo.GoalBookAttachment,dbo__GoalBookAttachment,present_both,5,0,0,yes
dbo.GoalCache,dbo__GoalCache,present_both,0,0,0,no
dbo.GoalCacheQueue,dbo__GoalCacheQueue,present_both,0,0,0,no
dbo.GoalDiscussion,dbo__GoalDiscussion,present_both,21,16,119,no
dbo.GoalObservation,dbo__GoalObservation,present_both,12,0,0,yes
dbo.GoalPendencyValueImport,dbo__GoalPendencyValueImport,present_both,222,84,0,no
dbo.GoalResponsible,dbo__GoalResponsible,missing_table_in_staging,0,0,0,no
dbo.GoalValue,dbo__GoalValue,missing_table_in_staging,0,0,0,no
dbo.GoalWorkflow,dbo__GoalWorkflow,present_both,58,5,6,no
dbo.GoalWorkflowAreaEmployeeApprover,dbo__GoalWorkflowAreaEmployeeApprover,present_both,25,0,0,yes
dbo.GoalWorkflowCustomStep,dbo__GoalWorkflowCustomStep,present_both,20,0,2,no
dbo.GoalWorkflowStep,dbo__GoalWorkflowStep,present_both,104,6,12,no
dbo.GroupJobAccessGroup,dbo__GroupJobAccessGroup,present_both,0,0,0,no
dbo.GroupOfEmployees,dbo__GroupOfEmployees,present_both,5,0,0,yes
dbo.GroupOfEmployeesParticipants,dbo__GroupOfEmployeesParticipants,present_both,9,0,0,yes
dbo.HISTORICO_CARGO,dbo__HISTORICO_CARGO,present_both,775,2149,9891,no
dbo.HISTORICO_COLABORADOR_AREA,dbo__HISTORICO_COLABORADOR_AREA,present_both,534,14821,5937,no
dbo.HISTORICO_COLABORADOR_CARGO,dbo__HISTORICO_COLABORADOR_CARGO,present_both,0,0,0,no
dbo.HISTORICO_PDI,dbo__HISTORICO_PDI,present_both,19,0,0,yes
dbo.HISTORICO_PERC_REALIZADO,dbo__HISTORICO_PERC_REALIZADO,present_both,306,1,0,no
dbo.HISTORICO_WORKFLOW_ACAO,dbo__HISTORICO_WORKFLOW_ACAO,present_both,391,814,29,no
dbo.HistorySection,dbo__HistorySection,present_both,24,4090,10607,no
dbo.Hobbies,dbo__Hobbies,present_both,7,256,110,no
dbo.IDIOMA,dbo__IDIOMA,present_both,12,12,12,no
dbo.IMPACTO,dbo__IMPACTO,present_both,57,0,0,yes
dbo.IMP_ACAO,dbo__IMP_ACAO,present_both,57,4467,0,no
dbo.IMP_AREA,dbo__IMP_AREA,present_both,6303,50000,2252,no
dbo.IMP_CALCULO_MANUAL_PERFORMANCE,dbo__IMP_CALCULO_MANUAL_PERFORMANCE,present_both,0,0,0,no
dbo.IMP_CARGO,dbo__IMP_CARGO,present_both,3,50000,20,no
dbo.IMP_CAUSA,dbo__IMP_CAUSA,present_both,0,0,0,no
dbo.IMP_COLABORADOR,dbo__IMP_COLABORADOR,present_both,1899,50000,29952,no
dbo.IMP_COLABORADOR_FUNCAO,dbo__IMP_COLABORADOR_FUNCAO,present_both,0,0,0,no
dbo.IMP_COTACAO_MOEDA,dbo__IMP_COTACAO_MOEDA,present_both,0,0,0,no
dbo.IMP_EMPLOYEEMODIFIERVALUE,dbo__IMP_EMPLOYEEMODIFIERVALUE,present_both,2,30470,10443,no
dbo.IMP_EMPLOYEE_ACCESS_GROUP,dbo__IMP_EMPLOYEE_ACCESS_GROUP,present_both,0,0,6745,no
dbo.IMP_EXPRESSAO_CALCULO_META,dbo__IMP_EXPRESSAO_CALCULO_META,present_both,1212,4947,1857,no
dbo.IMP_FORECAST,dbo__IMP_FORECAST,present_both,0,0,0,no
dbo.IMP_HISTORICO_AREA,dbo__IMP_HISTORICO_AREA,present_both,42,15433,31814,no
dbo.IMP_HISTORICO_CARGO,dbo__IMP_HISTORICO_CARGO,present_both,3675,44644,23342,no
dbo.IMP_INDICADOR,dbo__IMP_INDICADOR,present_both,93,35,0,no
dbo.IMP_JOB_POSITION_LEVEL,dbo__IMP_JOB_POSITION_LEVEL,present_both,0,50000,0,no
dbo.IMP_LEVEL,dbo__IMP_LEVEL,present_both,0,0,0,no
dbo.IMP_LIDER_AVALIADO,dbo__IMP_LIDER_AVALIADO,present_both,0,0,0,no
dbo.IMP_MARCADOR_ACAO_ITEM,dbo__IMP_MARCADOR_ACAO_ITEM,present_both,7945,2959,50000,no
dbo.IMP_META,dbo__IMP_META,present_both,378,50000,50000,no
dbo.IMP_MUDA_RESPONSAVEL_AREA,dbo__IMP_MUDA_RESPONSAVEL_AREA,present_both,4,551,0,no
dbo.IMP_NOTA_META,dbo__IMP_NOTA_META,present_both,595,36347,50000,no
dbo.IMP_PARTICIPANTE_RV,dbo__IMP_PARTICIPANTE_RV,present_both,16,50000,26281,no
dbo.IMP_PERFIL_AREA,dbo__IMP_PERFIL_AREA,present_both,3,274,12854,no
dbo.IMP_RESPONSAVEL_AREA,dbo__IMP_RESPONSAVEL_AREA,present_both,219,11304,1558,no
dbo.IMP_RESPONSAVEL_AREA_DEL,dbo__IMP_RESPONSAVEL_AREA_DEL,present_both,8,585,125,no
dbo.IMP_UPPER_GOAL,dbo__IMP_UPPER_GOAL,present_both,139,92,3028,no
dbo.IMP_VALOR_META,dbo__IMP_VALOR_META,present_both,73,252,0,no
dbo.INDICADOR,dbo__INDICADOR,present_both,247,46,336,no
dbo.INDICADOR_BOOK,dbo__INDICADOR_BOOK,present_both,24,0,0,yes
dbo.INDICADOR_TIPOMETA,dbo__INDICADOR_TIPOMETA,present_both,5,1,2,no
dbo.INDICADOR_TIPOMETA_BOOK,dbo__INDICADOR_TIPOMETA_BOOK,present_both,1,0,0,yes
dbo.INFO_NOTA_META,dbo__INFO_NOTA_META,present_both,1258,3805,20054,no
dbo.INSTANCIA_CALIBRADOS,dbo__INSTANCIA_CALIBRADOS,present_both,21,0,0,yes
dbo.INSTANCIA_CALIBRADOS_PERFORMANCE,dbo__INSTANCIA_CALIBRADOS_PERFORMANCE,present_both,21,0,0,yes
dbo.INSTANCIA_COMITE,dbo__INSTANCIA_COMITE,present_both,23,744,0,no
dbo.INSTANCIA_COMITE_SUCESSAO,dbo__INSTANCIA_COMITE_SUCESSAO,present_both,13,1,0,no
dbo.INSTANCIA_PARTICIPANTE_COMPETENCIA,dbo__INSTANCIA_PARTICIPANTE_COMPETENCIA,present_both,9,0,0,yes
dbo.INSTANCIA_PARTICIPANTE_SUCESSAO,dbo__INSTANCIA_PARTICIPANTE_SUCESSAO,present_both,29,1,0,no
dbo.INSTANCIA_SUCESSAO,dbo__INSTANCIA_SUCESSAO,present_both,11,1,0,no
dbo.IPRestriction,dbo__IPRestriction,present_both,0,0,0,no
dbo.ITEM_FEEDBACK,dbo__ITEM_FEEDBACK,present_both,60,0,0,yes
dbo.ITEM_LISTA_PERSONALIZADA_FEEDBACK_CONTINUO,dbo__ITEM_LISTA_PERSONALIZADA_FEEDBACK_CONTINUO,present_both,23,0,1,no
dbo.Identity,dbo__Identity,present_both,9,984,516,no
dbo.ImagePanelImages,dbo__ImagePanelImages,present_both,2,0,1,no
dbo.ImagePanelImagesAttachment,dbo__ImagePanelImagesAttachment,present_both,2,0,1,no
dbo.ImpValorMatriz,dbo__ImpValorMatriz,present_both,0,0,0,no
dbo.ImportLog,dbo__ImportLog,present_both,18,10,25,no
dbo.ImportLogError,dbo__ImportLogError,present_both,1363,0,670,no
dbo.InitialDashboardLayout,dbo__InitialDashboardLayout,present_both,3,2,2,no
dbo.Initiative,dbo__Initiative,present_both,18,0,0,yes
dbo.Item,dbo__Item,present_both,19084,0,0,yes
dbo.ItemSwotAnalysis,dbo__ItemSwotAnalysis,present_both,36,0,0,yes
dbo.ItemSwotAnalysisRelationship,dbo__ItemSwotAnalysisRelationship,present_both,7,0,0,yes
dbo.ItemSwotAnalysisRelationshipItemSwotAnalysis,dbo__ItemSwotAnalysisRelationshipItemSwotAnalysis,present_both,14,0,0,yes
dbo.JobEvaluationAnswerSuccession,dbo__JobEvaluationAnswerSuccession,present_both,2,0,0,yes
dbo.JobEvaluationSuccession,dbo__JobEvaluationSuccession,present_both,17,0,0,yes
dbo.JobPositionCore,dbo__JobPositionCore,present_both,4,104,41,no
dbo.JobPositionLevel,dbo__JobPositionLevel,present_both,79,45193,126,no
dbo.JobPositionSuccession,dbo__JobPositionSuccession,present_both,397,0,0,yes
dbo.KPI,dbo__KPI,missing_table_in_staging,0,0,0,no
dbo.KPIBreakdown,dbo__KPIBreakdown,missing_table_in_staging,0,0,0,no
dbo.KPIGrouping,dbo__KPIGrouping,missing_table_in_staging,0,0,0,no
dbo.KPIStakeholder,dbo__KPIStakeholder,present_both,2,0,0,yes
dbo.KPIStakeholderBook,dbo__KPIStakeholderBook,present_both,0,0,0,no
dbo.KnowledgeManagement,dbo__KnowledgeManagement,present_both,73,0,0,yes
dbo.LISTA_PLANO_TIPO_AVALIADOR,dbo__LISTA_PLANO_TIPO_AVALIADOR,present_both,0,0,0,no
dbo.LOG_DATA_EXTRACT,dbo__LOG_DATA_EXTRACT,present_both,953,2497,7131,no
dbo.LOG_DATA_EXTRACT_ITEM,dbo__LOG_DATA_EXTRACT_ITEM,present_both,77,30,14,no
dbo.LOG_EMAIL,dbo__LOG_EMAIL,present_both,14940,38449,50000,no
dbo.LOG_EMAIL_ACAO_VENCER,dbo__LOG_EMAIL_ACAO_VENCER,present_both,21,0,0,yes
dbo.LOG_IMP,dbo__LOG_IMP,present_both,1362,1767,3984,no
dbo.LOG_IMP_ITEM,dbo__LOG_IMP_ITEM,present_both,10026,50000,50000,no
dbo.LOG_LOGIN,dbo__LOG_LOGIN,present_both,25007,50000,50000,no
dbo.LOG_TASK,dbo__LOG_TASK,present_both,138,0,0,yes
dbo.LOG_TASK_ITEM,dbo__LOG_TASK_ITEM,present_both,102,0,0,yes
dbo.LabelAction,dbo__LabelAction,present_both,2305,1175,0,no
dbo.LabelEmployee,dbo__LabelEmployee,present_both,11,0,0,yes
dbo.LabelGoal,dbo__LabelGoal,present_both,598,0,50000,no
dbo.LabelsTagTrainings,dbo__LabelsTagTrainings,present_both,56,0,0,yes
dbo.LanguageLevel,dbo__LanguageLevel,present_both,14,207,80,no
dbo.Locality,dbo__Locality,present_both,8,50,1,no
dbo.MAIL_CONFIG,dbo__MAIL_CONFIG,present_both,56,56,56,no
dbo.MARCADOR_ACAO,dbo__MARCADOR_ACAO,present_both,12,0,0,yes
dbo.MARCADOR_ACAO_ITEM,dbo__MARCADOR_ACAO_ITEM,present_both,2277,0,0,yes
dbo.MENU,dbo__MENU,present_both,175,168,168,no
dbo.META,dbo__META,present_both,10002,29484,50000,no
dbo.METABOOK,dbo__METABOOK,present_both,23,0,0,yes
dbo.META_DATA_EXTRACT,dbo__META_DATA_EXTRACT,present_both,264,0,0,yes
dbo.META_RELACIONADA,dbo__META_RELACIONADA,present_both,0,0,0,no
dbo.MULTIPLO_NOTA,dbo__MULTIPLO_NOTA,present_both,0,0,0,no
dbo.ManagementCycle,dbo__ManagementCycle,missing_table_in_staging,0,0,0,no
dbo.ManagerSuccession,dbo__ManagerSuccession,present_both,17,0,0,yes
dbo.Matriz,dbo__Matriz,present_both,4,0,0,yes
dbo.MembroDimensao,dbo__MembroDimensao,present_both,260,0,0,yes
dbo.Modifier,dbo__Modifier,present_both,53,45,281,no
dbo.ModifierItem,dbo__ModifierItem,present_both,32,135,0,no
dbo.Modules,dbo__Modules,present_both,11,11,11,no
dbo.MonthlyGoal,dbo__MonthlyGoal,present_both,48,0,0,yes
dbo.Motivations,dbo__Motivations,present_both,6,211,85,no
dbo.NINE_BOX,dbo__NINE_BOX,present_both,86,453,0,no
dbo.NINE_BOX_CALIBRADOS,dbo__NINE_BOX_CALIBRADOS,present_both,42,8218,0,no
dbo.NIVEL,dbo__NIVEL,present_both,44,54,126,no
dbo.NOTA,dbo__NOTA,present_both,4890,83,42,no
dbo.NOTA_BOOK,dbo__NOTA_BOOK,present_both,77,0,0,yes
dbo.NOTA_META,dbo__NOTA_META,present_both,3864,11761,50000,no
dbo.NOTA_META_BOOK,dbo__NOTA_META_BOOK,present_both,51,0,0,yes
dbo.NOTIFICACAO,dbo__NOTIFICACAO,present_both,89,72,77,no
dbo.NOTIFICACAO_FEEDBACK_CONTINUO,dbo__NOTIFICACAO_FEEDBACK_CONTINUO,present_both,619,10086,1609,no
dbo.NOTIFICACAO_LIDA,dbo__NOTIFICACAO_LIDA,present_both,3,0,10,no
dbo.NecessaryResourcesOfTraining,dbo__NecessaryResourcesOfTraining,present_both,59,0,0,yes
dbo.Need,dbo__Need,present_both,20,0,0,yes
dbo.NivelMembros,dbo__NivelMembros,present_both,189,0,0,yes
dbo.NormalizationCurvePoint,dbo__NormalizationCurvePoint,present_both,9,0,5,no
dbo.OPCAO_PULSE_FEEDBACK_CONTINUO,dbo__OPCAO_PULSE_FEEDBACK_CONTINUO,present_both,115,0,0,yes
dbo.OrganizationIdentity,dbo__OrganizationIdentity,present_both,5,0,0,yes
dbo.PARTICIPANTE_PULSE_FEEDBACK_CONTINUO,dbo__PARTICIPANTE_PULSE_FEEDBACK_CONTINUO,present_both,9011,0,0,yes
dbo.PARTICIPANTE_REUNIAO,dbo__PARTICIPANTE_REUNIAO,present_both,1494,0,0,yes
dbo.PARTICIPANTE_RV,dbo__PARTICIPANTE_RV,present_both,8773,45128,18269,no
dbo.PDF_EXPLICATIVO_AVALIACAO,dbo__PDF_EXPLICATIVO_AVALIACAO,present_both,0,0,0,no
dbo.PERFIL_AREA,dbo__PERFIL_AREA,present_both,25316,9714,12231,no
dbo.PERFIL_GRUPO_USUARIO,dbo__PERFIL_GRUPO_USUARIO,present_both,3510,3266,1638,no
dbo.PERFIL_USUARIO,dbo__PERFIL_USUARIO,present_both,30,44,0,no
dbo.PERIODO_APURACAO,dbo__PERIODO_APURACAO,present_both,24,5,4,no
dbo.PERIODO_AVALIACAO_PROJETO,dbo__PERIODO_AVALIACAO_PROJETO,present_both,2,0,0,yes
dbo.PERIODO_GESTAO,dbo__PERIODO_GESTAO,present_both,47,3,6,no
dbo.PERMISSAO_DASHBOARD,dbo__PERMISSAO_DASHBOARD,present_both,4,0,0,yes
dbo.PLANO_PESO_AVALIADOR,dbo__PLANO_PESO_AVALIADOR,present_both,0,0,0,no
dbo.PLUGIN_INFO,dbo__PLUGIN_INFO,present_both,3,3,3,no
dbo.POTENCIAL,dbo__POTENCIAL,present_both,178,0,0,yes
dbo.PRE_TRABALHO_AVALIADO_SUCESSAO,dbo__PRE_TRABALHO_AVALIADO_SUCESSAO,present_both,0,0,0,no
dbo.PROCESSO,dbo__PROCESSO,present_both,2,2,2,no
dbo.PROJETO_AVALIACAO,dbo__PROJETO_AVALIACAO,present_both,4,0,0,yes
dbo.PSW_COLABORADOR,dbo__PSW_COLABORADOR,present_both,813,12396,8307,no
dbo.PSW_COLABORADOR_ITEM,dbo__PSW_COLABORADOR_ITEM,present_both,1043,12390,8299,no
dbo.PULSE_FEEDBACK_CONTINUO,dbo__PULSE_FEEDBACK_CONTINUO,present_both,31,0,0,yes
dbo.ParticipantAdvancePayment,dbo__ParticipantAdvancePayment,present_both,18,0,0,yes
dbo.ParticipantAdvancePaymentDiscount,dbo__ParticipantAdvancePaymentDiscount,present_both,6,0,0,yes
dbo.ParticipantAggregatedAdvancePayment,dbo__ParticipantAggregatedAdvancePayment,present_both,12,0,0,yes
dbo.ParticipantAggregatedAdvancePaymentDiscount,dbo__ParticipantAggregatedAdvancePaymentDiscount,present_both,0,0,0,no
dbo.ParticipantAggregatedExtract,dbo__ParticipantAggregatedExtract,present_both,3004,49080,50000,no
dbo.ParticipantExtract,dbo__ParticipantExtract,present_both,220,49080,50000,no
dbo.ParticipantExtractControl,dbo__ParticipantExtractControl,present_both,64,0,10602,no
dbo.PermissaoFinanceira,dbo__PermissaoFinanceira,present_both,2706,0,0,yes
dbo.PersonalCharacteristics,dbo__PersonalCharacteristics,present_both,4,229,87,no
dbo.Perspective,dbo__Perspective,present_both,5,0,0,yes
dbo.Pool,dbo__Pool,present_both,7,0,4,no
dbo.PresentationFavoriteSlide,dbo__PresentationFavoriteSlide,present_both,2,0,1,no
dbo.PresentationTemplate,dbo__PresentationTemplate,present_both,39,0,9,no
dbo.PresentationTemplateHistory,dbo__PresentationTemplateHistory,present_both,93,0,17,no
dbo.PresentationTemplateShare,dbo__PresentationTemplateShare,present_both,42,0,11,no
dbo.PresentationTemplateSlide,dbo__PresentationTemplateSlide,present_both,79,0,12,no
dbo.PresentationTemplateVersion,dbo__PresentationTemplateVersion,present_both,53,0,9,no
dbo.ProfessionalExperience,dbo__ProfessionalExperience,present_both,6,173,63,no
dbo.ProfileEditPermission,dbo__ProfileEditPermission,present_both,9,9,5,no
dbo.QUICK_MEETING,dbo__QUICK_MEETING,present_both,114,0,0,yes
dbo.QualificationCenterConfig,dbo__QualificationCenterConfig,present_both,22,0,0,yes
dbo.QualificationManager,dbo__QualificationManager,present_both,183,0,0,yes
dbo.QualificationManagersSubordinates,dbo__QualificationManagersSubordinates,present_both,447,0,0,yes
dbo.Question,dbo__Question,present_both,12,0,0,yes
dbo.QuestionsEffectivenessEvaluations,dbo__QuestionsEffectivenessEvaluations,present_both,90,0,0,yes
dbo.QuestionsReactionEvaluations,dbo__QuestionsReactionEvaluations,present_both,147,0,0,yes
dbo.RECURRING_JOB,dbo__RECURRING_JOB,present_both,17,17,17,no
dbo.RECURRING_JOB_LOG,dbo__RECURRING_JOB_LOG,present_both,0,0,0,no
dbo.REFERENCIA_CAUSA,dbo__REFERENCIA_CAUSA,present_both,0,0,0,no
dbo.REFERENCIA_CONTRAMEDIDA,dbo__REFERENCIA_CONTRAMEDIDA,present_both,11,0,0,yes
dbo.RESPOSTA_AVALIACAO_SUCESSAO,dbo__RESPOSTA_AVALIACAO_SUCESSAO,present_both,286,0,0,yes
dbo.RESPOSTA_COMENTARIO,dbo__RESPOSTA_COMENTARIO,present_both,0,0,0,no
dbo.RESPOSTA_COMPORTAMENTO,dbo__RESPOSTA_COMPORTAMENTO,present_both,0,0,0,no
dbo.RESPOSTA_PULSE_FEEDBACK_CONTINUO,dbo__RESPOSTA_PULSE_FEEDBACK_CONTINUO,present_both,49,0,0,yes
dbo.REUNIAO,dbo__REUNIAO,present_both,460,0,0,yes
dbo.REUNIAO_PAUSE,dbo__REUNIAO_PAUSE,present_both,31,0,0,yes
dbo.RISCO,dbo__RISCO,present_both,100,0,0,yes
dbo.RangeDiscretionary,dbo__RangeDiscretionary,present_both,2,0,10,no
dbo.ReactionEvaluation,dbo__ReactionEvaluation,present_both,45,0,0,yes
dbo.Readiness,dbo__Readiness,present_both,54,1,0,no
dbo.RelUpperGoal,dbo__RelUpperGoal,present_both,4330,29,345,no
dbo.Response,dbo__Response,present_both,99,0,0,yes
dbo.SECAO,dbo__SECAO,present_both,0,0,0,no
dbo.SQL_TRACE,dbo__SQL_TRACE,present_both,5390,3082,4306,no
dbo.SYSTEM_CONFIG,dbo__SYSTEM_CONFIG,present_both,1,1,1,no
dbo.ScoreCurveImpactSuccession,dbo__ScoreCurveImpactSuccession,present_both,47,0,0,yes
dbo.ScoreCurveRiskSuccession,dbo__ScoreCurveRiskSuccession,present_both,51,0,0,yes
dbo.ScoreCurveSuccession,dbo__ScoreCurveSuccession,present_both,65,0,0,yes
dbo.ScoreValuesRV,dbo__ScoreValuesRV,present_both,253,4090,9876,no
dbo.ServerCachePreferencesManagementCycle,dbo__ServerCachePreferencesManagementCycle,present_both,14,9,9,no
dbo.SidebarItem,dbo__SidebarItem,present_both,85,85,85,no
dbo.SidebarItemFavorite,dbo__SidebarItemFavorite,present_both,26,74,135,no
dbo.SimulationRVCache,dbo__SimulationRVCache,present_both,2,0,1,no
dbo.SkillCategory,dbo__SkillCategory,present_both,5,4,4,no
dbo.SkillKnowledge,dbo__SkillKnowledge,present_both,2,2,2,no
dbo.Sport,dbo__Sport,present_both,11,370,159,no
dbo.Stakeholder,dbo__Stakeholder,present_both,14,0,0,yes
dbo.StakeholdersCommittees,dbo__StakeholdersCommittees,present_both,7,0,0,yes
dbo.StakeholdersProject,dbo__StakeholdersProject,present_both,5,0,0,yes
dbo.StrategyAction,dbo__StrategyAction,present_both,8,0,0,yes
dbo.StrategyAnalysis,dbo__StrategyAnalysis,present_both,15,0,0,yes
dbo.StrategyAnalysisAttachment,dbo__StrategyAnalysisAttachment,present_both,1,0,0,yes
dbo.StrategyCycle,dbo__StrategyCycle,present_both,7,0,0,yes
dbo.StrategyGoal,dbo__StrategyGoal,present_both,19,0,0,yes
dbo.StrategyGoalMetric,dbo__StrategyGoalMetric,present_both,7,0,0,yes
dbo.StrategyGoalMetricValue,dbo__StrategyGoalMetricValue,present_both,6,0,0,yes
dbo.StrategyGoalProject,dbo__StrategyGoalProject,present_both,12,0,0,yes
dbo.StrategyGoalProjectValue,dbo__StrategyGoalProjectValue,present_both,305,0,0,yes
dbo.SuccessionCycle,dbo__SuccessionCycle,present_both,26,1,0,no
dbo.SuccessionCycleSettings,dbo__SuccessionCycleSettings,present_both,26,1,0,no
dbo.SuccessionJobPositionReadiness,dbo__SuccessionJobPositionReadiness,present_both,32,0,0,yes
dbo.SuccessionNomination,dbo__SuccessionNomination,present_both,68,0,0,yes
dbo.SuccessionResults,dbo__SuccessionResults,present_both,42,1,0,no
dbo.SuccessionScoresDetails,dbo__SuccessionScoresDetails,present_both,16,2,0,no
dbo.SwotAnalysis,dbo__SwotAnalysis,present_both,3,0,0,yes
dbo.SystemKnowledge,dbo__SystemKnowledge,present_both,10,19,9,no
dbo.TAG_FEEDBACK,dbo__TAG_FEEDBACK,present_both,67,466,2,no
dbo.TAG_FEEDBACK_CONTINUO,dbo__TAG_FEEDBACK_CONTINUO,present_both,25,20,20,no
dbo.TEMPLATE_USUARIO,dbo__TEMPLATE_USUARIO,present_both,0,0,0,no
dbo.TERMO_ACEITE,dbo__TERMO_ACEITE,present_both,17,3,3,no
dbo.TERMO_ACEITE_ASSINATURA,dbo__TERMO_ACEITE_ASSINATURA,present_both,1011,977,2727,no
dbo.TERMO_ACEITE_SECAO,dbo__TERMO_ACEITE_SECAO,present_both,36,9,5,no
dbo.TERMO_CONSENTIMENTO,dbo__TERMO_CONSENTIMENTO,present_both,0,0,0,no
dbo.TIMELINE_FEEDBACK_CONTINUO,dbo__TIMELINE_FEEDBACK_CONTINUO,present_both,313,609,27,no
dbo.TIPO_FEEDBACK_CONTINUO,dbo__TIPO_FEEDBACK_CONTINUO,present_both,19,7,8,no
dbo.TOPICO_REUNIAO,dbo__TOPICO_REUNIAO,present_both,1040,0,0,yes
dbo.TaskLog,dbo__TaskLog,present_both,224,148,106,no
dbo.TemporaryBulkInsert,dbo__TemporaryBulkInsert,present_both,0,0,0,no
dbo.Theme,dbo__Theme,present_both,33,0,2,no
dbo.ThemeHistory,dbo__ThemeHistory,present_both,96,0,25,no
dbo.ThemeShare,dbo__ThemeShare,present_both,2252,0,1206,no
dbo.TipoAcumulacao,dbo__TipoAcumulacao,present_both,2,2,2,no
dbo.Training,dbo__Training,present_both,53,0,0,yes
dbo.TrainingAttachment,dbo__TrainingAttachment,present_both,19,0,0,yes
dbo.TrainingClass,dbo__TrainingClass,present_both,45,0,0,yes
dbo.TrainingClassDemands,dbo__TrainingClassDemands,present_both,35,0,0,yes
dbo.TrainingClassParticipants,dbo__TrainingClassParticipants,present_both,213,0,0,yes
dbo.TrainingClassParticipantsConfirmed,dbo__TrainingClassParticipantsConfirmed,present_both,104,0,0,yes
dbo.TrainingClassTimeDaily,dbo__TrainingClassTimeDaily,present_both,0,0,0,no
dbo.TrainingClassTimeWeekly,dbo__TrainingClassTimeWeekly,present_both,2,0,0,yes
dbo.TrainingDraft,dbo__TrainingDraft,present_both,1,0,0,yes
dbo.TrainingPackage,dbo__TrainingPackage,present_both,3,0,0,yes
dbo.TrainingPackagesTrainings,dbo__TrainingPackagesTrainings,present_both,5,0,0,yes
dbo.TranslateTagCulture,dbo__TranslateTagCulture,present_both,2,1,3,no
dbo.TranslateTagHandle,dbo__TranslateTagHandle,present_both,35,49,54,no
dbo.Trigger,dbo__Trigger,present_both,9,114,2,no
dbo.TriggerArea,dbo__TriggerArea,present_both,450,1526,439,no
dbo.TriggerCurve,dbo__TriggerCurve,present_both,9,114,2,no
dbo.TriggerCurveItem,dbo__TriggerCurveItem,present_both,24,340,2,no
dbo.UNIDADE_MEDIDA,dbo__UNIDADE_MEDIDA,present_both,22,10,25,no
dbo.VALOR_META,dbo__VALOR_META,present_both,13314,38293,50000,no
dbo.VALOR_META_BOOK,dbo__VALOR_META_BOOK,present_both,168,0,0,yes
dbo.VALOR_SECAO,dbo__VALOR_SECAO,present_both,0,0,0,no
dbo.VERSAO,dbo__VERSAO,present_both,5,5,5,no
dbo.VOTACAO_CAUSA,dbo__VOTACAO_CAUSA,present_both,18,0,0,yes
dbo.VW_AREA_QUEUE,dbo__VW_AREA_QUEUE,missing_table_in_staging,0,0,0,no
dbo.VW_AUDIT_AREA_QUEUE,dbo__VW_AUDIT_AREA_QUEUE,missing_table_in_staging,0,0,0,no
dbo.VW_AUDIT_COLABORADOR_QUEUE,dbo__VW_AUDIT_COLABORADOR_QUEUE,missing_table_in_staging,0,0,0,no
dbo.VW_COLABORADOR_INATIVADO_QUEUE,dbo__VW_COLABORADOR_INATIVADO_QUEUE,missing_table_in_staging,0,0,0,no
dbo.VW_COLABORADOR_QUEUE,dbo__VW_COLABORADOR_QUEUE,missing_table_in_staging,0,0,0,no
dbo.VW_GOAL_RESPONSIBLE,dbo__VW_GOAL_RESPONSIBLE,missing_table_in_staging,0,0,0,no
dbo.VW_GOAL_WEIGHT,dbo__VW_GOAL_WEIGHT,missing_table_in_staging,0,0,0,no
dbo.VW_KPI,dbo__VW_KPI,missing_table_in_staging,0,0,0,no
dbo.VW_MANAGEMENT_CYCLE,dbo__VW_MANAGEMENT_CYCLE,missing_table_in_staging,0,0,0,no
dbo.ValorMatriz,dbo__ValorMatriz,present_both,5894028,0,0,yes
dbo.Visao,dbo__Visao,present_both,8,0,0,yes
dbo.VolunteerExperience,dbo__VolunteerExperience,present_both,13,21,3,no
dbo.VolunteerFunction,dbo__VolunteerFunction,present_both,10,10,2,no
dbo.WelcomeSupportEmployee,dbo__WelcomeSupportEmployee,present_both,5,0,0,yes
dbo.XAxisClassification,dbo__XAxisClassification,present_both,62,3,0,no
dbo.YAxisClassification,dbo__YAxisClassification,present_both,56,3,0,no
dbo.YearPersonalGoal,dbo__YearPersonalGoal,present_both,3,203,77,no
dbo.__MigrationHistory,dbo____MigrationHistory,present_both,1170,1219,1220,no
dbo.dual,dbo__dual,present_both,1,1,1,no
dbo.vw_goal,dbo__vw_goal,missing_table_in_staging,0,0,0,no
import.ImportItem,import__ImportItem,present_both,0,0,0,no
notification.MailSettings,notification__MailSettings,present_both,1,1,1,no
okr.EmployeeKeyResult,okr__EmployeeKeyResult,present_both,163,0,0,yes
okr.KeyResult,okr__KeyResult,present_both,138,0,0,yes
okr.KeyResultProgress,okr__KeyResultProgress,present_both,138,0,0,yes
okr.KeyResultValue,okr__KeyResultValue,present_both,415,0,0,yes
okr.Objective,okr__Objective,present_both,69,0,0,yes
okr.ObjectiveProgress,okr__ObjectiveProgress,present_both,138,0,0,yes
okr.ObjectiveTree,okr__ObjectiveTree,present_both,29,0,0,yes
okr.ToDoKR,okr__ToDoKR,present_both,20,0,0,yes
stg.ConsolidatedScoreView,stg__ConsolidatedScoreView,present_both,60,0,0,yes
stg.GoalReportView,stg__GoalReportView,present_both,0,0,0,no
stg.GoalView,stg__GoalView,present_both,13,0,0,yes
stg.VCExtract,stg__VCExtract,present_both,0,2144,0,no
stg.vcExtractLastLastUpdate,stg__vcExtractLastLastUpdate,present_both,0,1,0,no
